user,mean_login_hour,mean_logout_hour,files_per_day,usb_per_day,emails_per_day,out_of_session_access,degree_centrality,betweenness_centrality,keyword_flag,subject_len,sentiment,is_red_team
user1,8.033333333333333,15.933333333333334,3.9285714285714284,1.0,2.5,79,0.6756756756756757,0.031143799144043142,0.4666666666666667,9.4,0.0,0
user10,7.933333333333334,15.633333333333333,3.933333333333333,1.0,3.185185185185185,80,0.6351351351351352,0.026813608502169357,0.4418604651162791,9.395348837209303,0.0,0
user11,7.966666666666667,16.233333333333334,3.9655172413793105,1.0,2.793103448275862,82,0.6621621621621622,0.02985492237768358,0.4074074074074074,9.469135802469136,0.0,0
user12,7.666666666666667,16.0,3.1333333333333333,1.0,2.5652173913043477,64,0.5810810810810811,0.022414323298391044,0.3728813559322034,9.457627118644067,0.0,0
user13,8.0,16.1,5.428571428571429,1.4285714285714286,2.8214285714285716,91,0.6756756756756757,0.03082817015358269,0.5063291139240507,9.075949367088608,0.0,1
user14,7.966666666666667,15.833333333333334,3.7857142857142856,1.0,2.6666666666666665,65,0.6486486486486487,0.02803452626077616,0.34375,9.015625,0.0,0
user15,8.3,16.266666666666666,3.392857142857143,1.1111111111111112,2.1904761904761907,63,0.6891891891891893,0.03210851907447076,0.4782608695652174,9.978260869565217,0.0,0
user16,8.433333333333334,16.566666666666666,4.296296296296297,1.0,2.769230769230769,77,0.6891891891891893,0.03213744254212283,0.3472222222222222,9.319444444444445,0.0,0
user17,7.633333333333334,15.466666666666667,3.7666666666666666,1.0,2.6785714285714284,72,0.6351351351351352,0.02689070808977924,0.44,9.346666666666666,0.0,0
user18,8.4,16.733333333333334,4.466666666666667,1.1111111111111112,2.3333333333333335,85,0.6891891891891893,0.03220075797292291,0.38095238095238093,9.873015873015873,0.0,0
user19,7.833333333333333,15.966666666666667,4.25,1.2,2.107142857142857,82,0.6756756756756757,0.031155557391003084,0.3898305084745763,9.05084745762712,0.0,0
user2,8.2,16.7,3.7333333333333334,1.0,2.769230769230769,74,0.6486486486486487,0.027807952372951045,0.3888888888888889,9.555555555555555,0.0,0
user20,7.866666666666666,15.933333333333334,4.866666666666666,1.625,2.12,75,0.7162162162162162,0.035413547208946725,0.32075471698113206,9.0,0.0,1
user3,7.933333333333334,15.9,4.233333333333333,1.0,2.6785714285714284,96,0.7162162162162162,0.03502850855264546,0.4,9.506666666666666,0.0,0
user4,7.933333333333334,16.133333333333333,3.6551724137931036,1.0,3.2142857142857144,77,0.6486486486486487,0.027806492676495417,0.4222222222222222,8.922222222222222,0.0,0
user5,8.166666666666666,15.733333333333333,4.0344827586206895,1.25,2.4827586206896552,83,0.6756756756756757,0.03074884127706812,0.3194444444444444,10.375,0.0,0
user6,8.133333333333333,16.433333333333334,3.4,1.0,2.0,63,0.6216216216216217,0.02546114127896738,0.35714285714285715,9.678571428571429,0.0,0
user7,8.1,16.166666666666668,4.233333333333333,1.1111111111111112,2.5384615384615383,66,0.6891891891891893,0.03241546273595362,0.3181818181818182,8.93939393939394,0.0,1
user8,7.633333333333334,15.633333333333333,3.413793103448276,1.125,2.6551724137931036,60,0.6351351351351352,0.027487524249426687,0.44155844155844154,8.922077922077921,0.0,0
user9,8.3,16.3,3.25,1.1,2.586206896551724,54,0.6486486486486487,0.028102322941304207,0.4666666666666667,9.386666666666667,0.0,0
